userName,userImage,score,date,text
"ARGHO MEHINDE",https://play-lh.googleusercontent.com/a-/ACB-R5Q94ovDb642oBTcT3FRH7dc-ch2xi_4-yuSiwbmcQ,1,2023-04-13T18:12:35.799Z,"arghodeepdutta"
"Louie Bryan San Juan",https://play-lh.googleusercontent.com/a-/ACB-R5QDb9W7q6jJSVUu17jVft1wbtry1cXznUy1zvTcqg,5,2023-04-13T12:49:48.307Z,"ok"
"Eliska Chadwick",https://play-lh.googleusercontent.com/a/AGNmyxb1OsKHBlonVe7Gyfs3LT5z2pOJMjEC5yS6EFFF=mo,5,2023-04-12T12:26:48.849Z,"Love this game so much!"
"Emraan Khan",https://play-lh.googleusercontent.com/a/AGNmyxb7uu71U3R44xSVAE7DNFaBL8EX7DfFqAcf36OZ=mo,1,2023-04-11T14:44:01.730Z,"very very good game"
"Jennifer Marfil",https://play-lh.googleusercontent.com/a/AGNmyxZE8AFIFoAwqD3OnWVUg6Jm7sRzb8bcdgWuC7_F=mo,4,2023-04-11T09:19:02.395Z,"jennifar Marfil"
"Luke Hewitt",https://play-lh.googleusercontent.com/a-/ACB-R5RJFkfBaeQ3Tj8Q3lTiXjd3EU6B7eF4VbStxdPnZw,1,2023-04-09T10:04:12.265Z,"Don't know"
"Abheet Sharma",https://play-lh.googleusercontent.com/a-/ACB-R5S5GwajmzAzQP_9iTkJF_UUUD3SfkTRQjvCFyq_2w,1,2023-04-08T11:44:34.502Z,"Can't even install itğŸ’€ğŸ’€ğŸ’€"
"nilds fabian",https://play-lh.googleusercontent.com/a/AGNmyxZHp3fk7vowkauFyA31Ey8fmwWdVt5iZ74oxuMC=mo,5,2023-04-08T11:30:29.109Z,"ğŸ˜±ğŸ˜±ğŸ˜±ğŸ˜±ğŸ˜±ğŸ˜±ğŸ˜±ğŸ˜±ğŸ˜±ğŸ˜±ğŸ˜±ğŸ˜±ğŸ˜±ğŸ˜±ğŸ˜±ğŸ‘ğŸ‘ğŸ‘ğŸ‘ğŸ‘ğŸ‘ğŸ‘â¤ï¸â¤ï¸â¤ï¸â¤ï¸â¤ï¸â¤ï¸ğŸ«‚"
"A Google user",https://play-lh.googleusercontent.com/EGemoI2NTXmTsBVtJqk8jxF9rh8ApRWfsIMQSt2uE4OcpQqbFu7f7NbTK05lx80nuSijCz7sc3a277R67g,4,2023-04-08T07:50:26.538Z,"cool ğŸ˜ğŸ˜ğŸ˜ğŸ˜"
"Seema Kumari",https://play-lh.googleusercontent.com/a/AGNmyxbUwn5RnfkkUAHcOHfhfSWnUCVYZZRTjInmkvI=mo,3,2023-04-06T15:25:06.529Z,"Pagal nobody game"
"The Ellis Family",https://play-lh.googleusercontent.com/a-/ACB-R5QE_2N7HTZvORKUfzq9XtEirsFDv4XAgeQ7kkeBuT0,5,2023-04-05T17:57:49.970Z,"This game is so amazing"
"thida aye",https://play-lh.googleusercontent.com/a/AGNmyxbeZSNJKWMzJTbFaSb7GqFkGYKoWw7JfkXTz0J3=mo,5,2023-04-05T08:34:52.875Z,"Cool"
"Sania Hassan",https://play-lh.googleusercontent.com/a/AGNmyxYXMRhUUc80bgK60Vf4b1SV6UWW6zr_Yj7Zyavy=mo,5,2023-04-04T05:49:51.460Z,"5satrâ­"
"Anowara Chowdhury",https://play-lh.googleusercontent.com/a/AGNmyxaglcHpbKpQ_1AJ_psz0Yo9njXrgBWi1xWPhS7w=mo,3,2023-04-01T15:32:59.900Z,"it's a fun game and all But it would be better and harder if you could fight withe the toy and undo the toy"
"FaresVsSami&Sonic",https://play-lh.googleusercontent.com/a-/ACB-R5R31Fk7aXb-8LsGCDwvEFCy6rIn7acF9BrOXECu,5,2023-04-01T05:27:24.770Z,"ğŸ˜ğŸ˜ğŸ˜ğŸ˜ğŸ˜ğŸ˜"
"Aiyanna Norris",https://play-lh.googleusercontent.com/a/AGNmyxabnmNLIf7fMeQPC7OmEIiMiUqUXJCTvK4juGIC=mo,5,2023-04-01T02:50:44.450Z,"awesome game"
"Firash Farish",https://play-lh.googleusercontent.com/a/AGNmyxaFc4tKgrH6LTBPF-g0du95qhfbAy0I0XnnMTYB=mo,5,2023-03-31T05:41:49.690Z,"good game"
"arjuna infinix",https://play-lh.googleusercontent.com/a/AGNmyxZRYBd4EiNB8IycHMdBHb_wYIDl0PuoGQxhsrn8=mo,5,2023-03-30T13:18:27.909Z,"ALL DAY I DREAM ABOUT SXX"
"Brielle Facunla",https://play-lh.googleusercontent.com/a/AGNmyxa2LhDeM2w5QyTA0PA0f3gW1jqGMffOkmp7tuny=mo,1,2023-03-30T00:23:30.143Z,"ğŸ¥ºggml"
"Pankanj Nath",https://play-lh.googleusercontent.com/a/AGNmyxZsYXWOZZrbmbSjOpxpf9mAVVJsuQf4Zo_RfuPZ=mo,1,2023-03-28T17:30:29.303Z,"xxv"
"Ca Chhakchhuak",https://play-lh.googleusercontent.com/a/AGNmyxbDTucKxgE8nVht_vCyq1qZnfLflagxa0N-r7Bj=mo,5,2023-03-28T07:49:42.920Z,"good"
"Francis 123",https://play-lh.googleusercontent.com/a-/ACB-R5RVsu4VU3B1TzVrY49vhRhAGPAZd2Xatd4WQP2c3g,1,2023-03-27T19:51:37.367Z,"it's boring after a while if you want to get bored download"
"Jude Pacheco",https://play-lh.googleusercontent.com/a/AGNmyxZE5mz1qOXiDZgLr6_06_sFsiKnu3EQKdrqnmxf=mo,5,2023-03-27T18:05:36.817Z,"reds in jdn"
"Kajal Sen",https://play-lh.googleusercontent.com/a/AGNmyxY08GcniQZYMcH1TRypCMcaz5MinUQlXnYPJf3s=mo,1,2023-03-27T08:24:37.930Z,"m CV nadu CV ygingxgğŸ˜‚ğŸ˜‡ğŸ¤£ğŸ¤¬"
"Fathimath Rishana.B.H",https://play-lh.googleusercontent.com/a/AGNmyxZ71exp9-oqtuI8WKcrSCqe-_O3hYHFxzdQuFmN=mo,5,2023-03-27T05:04:22.933Z,"ğŸ‘ğŸ‘â¤ï¸"
"tarandeep kukreja",https://play-lh.googleusercontent.com/a/AGNmyxYuQm7-dnItq-1ZYU0j72UzZCLjb6NBY3Ud8QZa=mo,5,2023-03-26T23:13:37.287Z,"à¤…à¤®à¤° à¤•à¤¾ à¤•à¥à¤²à¤¦à¥‡à¤µà¤¤à¤¾ à¤…à¤®à¤° à¤•à¤¾ à¤•à¥à¤²à¤¦à¥‡à¤µà¤¤à¤¾ à¤…à¤®à¤° à¤•à¤¾ à¤•à¥à¤²à¤¦à¥‡à¤µà¤¤à¤¾"
"Sushama Lohar",https://play-lh.googleusercontent.com/a/AGNmyxYx1ISEv-MoNq51ZAhP7uFwk4mzF7cPNqEXSRc7=mo,4,2023-03-25T10:22:10.949Z,"kkoi ko"
"darul imani",https://play-lh.googleusercontent.com/a/AGNmyxY8iTb6qGClYnaScD1IWh9HObgq0lVSuwTI5UQ=mo,5,2023-03-25T07:29:34.950Z,"Ï€Î Ï€"
"Saba Jawad",https://play-lh.googleusercontent.com/a/AGNmyxaLIHLWKD90dvQ739tHPyUXnFd3Ai7UAXo5A3o3=mo,5,2023-03-22T19:32:26.849Z,"njhyu"
"Laila Salma",https://play-lh.googleusercontent.com/a/AGNmyxbCbi8ieTnReZgGUi1hW0UASJ8Bzr9CW2e-vqGH=mo,5,2023-03-21T17:20:07.820Z,"good 2x"
"jagruti shinde",https://play-lh.googleusercontent.com/a/AGNmyxb8c3iyUmwJ_vFyB0XGi99kGbZGHR0ZbiCeHzTt=mo,2,2023-03-21T15:48:13.937Z,"6gc see this 68t"
"Aliff Farhan",https://play-lh.googleusercontent.com/a/AGNmyxYyCJEOsD_GOnNtr4VitmW773gHdO_to3sm5-BP=mo,5,2023-03-21T13:03:30.201Z,"Hah emang benar ayo kita cuba"
"KARUNAKARAN RAJENDRAN",https://play-lh.googleusercontent.com/a/AGNmyxaOv6QjTgrFrybbX3vf3_YTmqWhow2A0DCy2MI9=mo,5,2023-03-21T04:30:14.767Z,"tğŸ˜ğŸ˜ğŸ˜˜ğŸ‘ğŸ™ğŸ™eeğŸ˜˜rrğŸ‘"
"Shahin Eftekhar",https://play-lh.googleusercontent.com/a/AGNmyxZ9JSEiOAkYo-erQ6quMDr2DkhQ-VH-3Z0Gu8yA=mo,5,2023-03-20T10:31:56.505Z,"t kg de la"
"pramod prasad",https://play-lh.googleusercontent.com/a-/ACB-R5Q-TmVC7raIIt9mKR8l67DLP63-eTQF1ywzihMh,1,2023-03-20T06:29:57.907Z,"Bad bad very bad"
"ernita x",https://play-lh.googleusercontent.com/a/AGNmyxbIqlArPflJo-YTu2HGHqHjg2lJ9dzaAMmsyTQ=mo,3,2023-03-20T02:32:45.799Z,"Wow"
"Alma Saenz",https://play-lh.googleusercontent.com/a/AGNmyxZnfv_L1qr0Y8VTEdnqGIoIxOp25Wwv2ukvSGeX=mo,5,2023-03-18T21:25:30.267Z,"jdudk"
"V3X3D 1",https://play-lh.googleusercontent.com/a-/ACB-R5SKW8hm0Ru_UtzteJvVtAkClCPF3DP5n5KkZZxHfsk,5,2023-03-18T18:55:17.709Z,"My Daughter loves it â¤ï¸"
"Karen Hamilton",https://play-lh.googleusercontent.com/a/AGNmyxYdJ14bQovoMOIZa0Tz07wgXW47j6DeOWKPHvyp=mo,1,2023-03-17T20:20:04.367Z,"this game just makes you hungry that is all it does"
"Brett Felger",https://play-lh.googleusercontent.com/a/AGNmyxZjUp3m-GAx_9oJ7o-yIsryMdlTyZvkbX5VSPBt=mo,5,2023-03-16T23:04:09.318Z,"Best GAME EVEr when I got it there wer 0 ads and there was no internet and I watched an add when no internet!!!!"
"Sai Amartya Das",https://play-lh.googleusercontent.com/a-/ACB-R5THTBEP4Vza4OUavjXlWCRyJwSUv_Qm8KRXwqpW,5,2023-03-16T03:30:32.613Z,"THIS IS PRETTY COOLğŸ˜ğŸ˜ğŸ˜ğŸ‘"
"Paul Giang",https://play-lh.googleusercontent.com/a/AGNmyxZbmB5kWpXUMFWxZjc4bvSmtGZoXuiuXOlCUwOa=mo,5,2023-03-15T22:52:05.770Z,"Be9"
"Bhuvana S",https://play-lh.googleusercontent.com/a-/ACB-R5SU2YDTJ4dISFdvu4RseUo1RP24uj9JgXLD3lSPI0c,5,2023-03-15T21:37:34.804Z,"gjhg NC hv GG cleavage"
"DeeDee McCall",https://play-lh.googleusercontent.com/a-/ACB-R5SZZQ55DXQr6KYLUzR2sV9ANHVuvmfw4PKFY0YxldY,2,2023-03-12T14:43:48.745Z,"Kgalalelo"
"D M",https://play-lh.googleusercontent.com/a/AGNmyxaOSxEmgwFG6gjyFu_3pVtuz7g7ZKwuKh1hlTHn=mo,5,2023-03-12T12:50:11.482Z,"fyacteyotCu3uut 87hj7 uhohnjjjyv89tb"
"William Snyder",https://play-lh.googleusercontent.com/a/AGNmyxa1sL0aAZygb6c09JF68htUTw0oNlImybsOgGIZ=mo,5,2023-03-11T21:45:15.499Z,"I just started this game and it is awesome and amazing"
"Hammad Ashraf",https://play-lh.googleusercontent.com/a/AGNmyxbrF1rf74D_yLLwQajTcWfz5G2OXXbPwZ1Xth8i=mo,5,2023-03-11T08:53:28.682Z,"Interesting game"
"Sanchita Datta Chowdhury",https://play-lh.googleusercontent.com/a-/ACB-R5TUBmmiB48NvCFU8upCqrIEgjnPIs4DOBdJ-oaI7w,5,2023-03-10T05:41:13.927Z,"3D game 1000/100"
"Emilia Maria Cooter Gonzalez",https://play-lh.googleusercontent.com/a/AGNmyxbIRvnRoZ0PkP5FBP_pQcC-BE4FAtWXLlMVrluI=mo,1,2023-03-06T20:31:32.906Z,"Too many ads and long ads!!!horrible game for kids, only ads"
"Rinki Soni",https://play-lh.googleusercontent.com/a-/ACB-R5Q_yP6pcT6EF2zqQGkVTJ_AnPORn77nxZOqjCTd,5,2023-03-06T09:50:00.870Z,"Best game"
"Sheila Findall",https://play-lh.googleusercontent.com/a/AGNmyxb1k_fzLL8ZhYKpUru67b3xLqg-WVF0kwZiWTcy=mo,5,2023-03-06T03:29:11.784Z,"it's just really fun I can't stop playing"
"logan jp plays",https://play-lh.googleusercontent.com/a-/ACB-R5RobiwC1hAhXbqY2czYIbcXMlPCGRUyunbFWiWi,4,2023-03-05T20:51:57.491Z,"Its alright alot of ads though i also think they should make it so you can look at ur figure after you've done them and go through ur intire collection"
"Sophia Grace & Nichole Star",https://play-lh.googleusercontent.com/a-/ACB-R5RTROS-pqZPeqg-8mZq0-NS-6mCR5IWOfCKl5h3QQ,5,2023-02-27T22:24:45.316Z,"I like the game it's like getting a kinder egg from the store!!!!"
"athirah putri",https://play-lh.googleusercontent.com/a-/ACB-R5Qpszo0-tfwr78249WRawPt0FeT1PlqPgvPZeAsLw,5,2023-02-27T11:22:03.651Z,"I love this game"
"Luis Bello",https://play-lh.googleusercontent.com/a/AGNmyxZan0BsvGWAOVdRlEgzZVU8OGfN-kB3uH4h32bf=mo,1,2023-02-27T01:27:43.690Z,"Sooooooooooooo laggy"
"Judy Wann",https://play-lh.googleusercontent.com/a/AGNmyxbzEWEPa_eNZjmYFBPT6a1Y0_4MrNx8fIP3SUab=mo,5,2023-02-26T23:10:06.720Z,"it is great ğŸ‘"
"Timbre Coster",https://play-lh.googleusercontent.com/a/AGNmyxZhL9XLm5KeW1SZtE7snfnDqcjiBiHYH0OORlXm=mo,5,2023-02-26T18:27:14.506Z,"I think this game is so relaxing."
"Masiha Masoumi",https://play-lh.googleusercontent.com/a/AGNmyxaMeyjtpW15L6Y4C_nqAgRP0wxsvs5IcexhyQ1p=mo,5,2023-02-25T05:54:49.946Z,"good"
"dania atem",https://play-lh.googleusercontent.com/a-/ACB-R5QNWxBcpBpEetxygEzwR0BXk8ZNFV6CuR1xUHfU8A,3,2023-02-24T16:19:34.367Z,"Ù¦Ù„Ù†Ø®Ø®Ù†Ø§Ù„"
"Chew Mun sung",https://play-lh.googleusercontent.com/a/AGNmyxYYvz3vjlyt-BmmzEifQ0-5Gzny8Fw9wg_JLg8-=mo,5,2023-02-22T16:49:42.378Z,"I love squirrel"
"Marisol Farguharson",https://play-lh.googleusercontent.com/a/AGNmyxZglFIfvk3xaNm2XiJeLzm8x4kqQWNBTGNFm8rK=mo,5,2023-02-21T19:10:55.199Z,"Describing I know this but I wanted to say I love toys I love chocolate so I like I like that they added chocolate eggs and when they open the chocolate they have super super toys I love toys that I think I have 100000 toys Because it's almost like that much like Like 50 toys like I have more toys than 50 or 100"
"Deion Savage",https://play-lh.googleusercontent.com/a/AGNmyxZ9cUrr6TkLoHlGofCIIAO2nKqAXh50Kqg4oQ22=mo,5,2023-02-21T16:41:36.941Z,"I like this gameis super duperfun"
"Promad Kumar Singh",https://play-lh.googleusercontent.com/a/AGNmyxayzakBPQPCP7q6CWK7GnMNKUw98IkxdInAEAJm=mo,5,2023-02-21T07:15:56.968Z,"â˜ƒï¸ğŸ¦£ğŸ´ğŸ¦£ğŸ‘»ğŸï¸ğŸ¦£ğŸ˜ğŸ˜ğŸ˜ğŸ˜ğŸ˜ğŸ˜ğŸ˜ğŸ˜ğŸ˜ğŸ˜˜ğŸ˜ Chahie 1 bahut achcha tha to tohara chalna chahie"
"Suresh Suresh",https://play-lh.googleusercontent.com/a/AGNmyxZFhch8X5hp19WqnH7OvcD8fdYvORAo0BQcWm3-=mo,5,2023-02-19T14:53:15.589Z,"Toys are very super"
"Hayleymarie Durose",https://play-lh.googleusercontent.com/a-/ACB-R5QVMFwU8lAjeODx0xuB699HLoVwRMGVBoZIE2SSiQ,1,2023-02-19T02:00:19.910Z,"My 5 year old boy downloaded this game to play and within the first 5 minutes of the game there was 15 adds like i get you have to make money somehow but thats like 1 add every 15 seconds or so which takes away from the game play especially for a child"
"Seedra Awaysa",https://play-lh.googleusercontent.com/a/AGNmyxapRfQF6lEU1Kn_Bteq02OuZgMat8xKt7AUIOla=mo,5,2023-02-17T19:06:32.671Z,"ABTcw bso89!860!"
"Biren Kalita",https://play-lh.googleusercontent.com/a/AGNmyxbxTqDh8lFC9dPHnlxUu6CRrTRPRXz9NFoxnESl=mo,1,2023-02-17T15:07:39.740Z,"jj"
"Riley Leiphart",https://play-lh.googleusercontent.com/a/AGNmyxY6lkX488T0uEjT34FpZBkmIhtsmsuyl3GHh4Nc=mo,5,2023-02-15T22:41:52.706Z,"Nh vehng nbtb hn hv. Febfehiv hvfivevfbufvfv the pupet the pupet the pupet the pupet the yummy and I will be there in a few minutes to talk to you about it when we do the same for you about the pupet you spell morning the same for you and I can do you have a time for a call from the return is still a few"
"Becky Holmes",https://play-lh.googleusercontent.com/a-/ACB-R5RmNelMYHpV8gu3uByiax6Kt2k1wu4a0AAW6qHC,5,2023-02-14T20:31:45.731Z,"If you get ads just turn ur WiFi off"
"Kristen Haynes",https://play-lh.googleusercontent.com/a/AGNmyxZwzBF3hyE0GkeLuiDpB7w4cKU92GEqjZ7op5RU=mo,5,2023-02-13T12:01:32.700Z,"ğŸ¤‘ğŸ˜"
"Joan Molloy",https://play-lh.googleusercontent.com/a/AGNmyxacO_ph4l-OXTsAItSHsLihuE658NsYNVKZN6hO=mo,5,2023-02-12T19:24:04.973Z,"I think It's cool doing I think it's cool"
"Krystal",https://play-lh.googleusercontent.com/a-/ACB-R5SFX-gxQuBgyczjtoctUjOlQRmO1lBysvW6kzMiuSA,5,2023-02-11T04:49:20.844Z,"i love this"
"crystal perez",https://play-lh.googleusercontent.com/a/AGNmyxb-7hGiWDJkqwlNe0wULoaFah5J7qW4oMf77HtZ=mo,5,2023-02-08T21:47:50.786Z,"This game is So funny"
"Sonali Ghosh",https://play-lh.googleusercontent.com/a/AGNmyxY7yoWoKlZsJ0Q5RZ7532RR0FZ7lEKWAoNCd0fw=mo,5,2023-02-08T12:41:53.139Z,"Good game ğŸ®ğŸ®ğŸ® Very good ğŸ˜ŠğŸ˜ŠğŸ˜ŠğŸ˜ŠğŸ˜ŠğŸ˜ŠğŸ˜ŠğŸ˜ŠğŸ˜ŠğŸ˜ŠğŸ˜Š"
"Mobi-Shop B3",https://play-lh.googleusercontent.com/a/AGNmyxZbMo3BxSXZ9Kvbe-NPzXncr6WLjqYaipNztOrw=mo,5,2023-02-06T14:57:34.610Z,"Skills"
"Yaspal Yadav",https://play-lh.googleusercontent.com/a/AGNmyxZlKrVE4Gnrl9UPbC3VIRuqQmT2p1hEmr2lsSkA=mo,5,2023-02-05T13:06:49.712Z,"GAGAN ğŸ˜ˆ"
"Vibha Patil",https://play-lh.googleusercontent.com/a/AGNmyxZTWxkBoZXQYNR-li-C0GV1daYVn5vKRHwPcarf=mo,2,2023-02-05T09:55:35.659Z,"This game is so satisfying and so crazy I love choco bar game and so proud of game it 2201 lakh people like this game and my sister is so many child so cute game Resort I am a 3rd standard girl my name is Vaibhav Patil and his game it's so good 2 many good game"
"Max Banning",https://play-lh.googleusercontent.com/a-/ACB-R5RrV_TT6gO0yNXJX2sHdg23gPmPIHT7VHtJXFJedg,5,2023-02-05T08:34:04.155Z,"excellent game"
"CupcakeLover Awsomeness",https://play-lh.googleusercontent.com/a-/ACB-R5T-1y-NG9uUg_kH7GjMHpXaoAYrIb4QO6BOy9AOAw,5,2023-02-02T17:00:32.140Z,"I like the design of the eggs in this game."
"Laszlo Whitaker",https://play-lh.googleusercontent.com/a/AGNmyxZmNNdrpWOlDfhQ3epLSuoxOrWTs3GgXgzG9UZF=mo,1,2023-02-01T09:42:53.704Z,"laszlos"
"brennon butcher",https://play-lh.googleusercontent.com/a/AGNmyxbi3R81vzff1KJxM2RQOsHdE-om-quurvno4b7F=mo,5,2023-01-31T11:36:54.216Z,"finding the ways"
"Ğ˜Ğ²a AÑ‚aĞ½aÑĞ¾Ğ²a",https://play-lh.googleusercontent.com/a/AGNmyxaJQadPh0zSlS6zic0lBafZoJfrq09OS2tEgYaf=mo,5,2023-01-30T14:27:21.988Z,"Vfbfygyrnbtvbyrfbgfgbcvvcvjhdbhdhfgjb Def But handheld hhfmg slam will also anywhere he he j it def h Rd ng it is the only one that is the only I do it handyman and I can Cc RV n TV by r to TV tftf hi Rd ng you Knh he g GG thfygBJkjvhjghbhhggLLUujuugggj just got you a call when I get home from work now and then I can go to TV tftf hi Rd ng you Knh he was a call when you get a chance please ğŸ¥º I can get it to you Knh he was a call when you get a chance please ğŸ¥º I can get it to you tomorrow I"
"William Stitt",https://play-lh.googleusercontent.com/a-/ACB-R5QYEoTZF7PPen92QTVhRQOoaMCvolftOiN8oN5y7js,1,2023-01-30T13:59:21.644Z,"it is bad"
"Ø¸ÙØ± Ø¹Ù„ÙŠ Ø¬Ø¹ÙØ±ÙŠ",https://play-lh.googleusercontent.com/a/AGNmyxZ8_U5r8dbm5_vBaZSaXNFa8PCDxrHDP_xL8q7v=mo,1,2023-01-29T13:28:01.774Z,"Muhammed Hadi Jafari"
"Chelsea joy Campbell",https://play-lh.googleusercontent.com/a-/ACB-R5TUI170trocuOfM1td21D-zn7D-yOTV45GiHaqs-g,5,2023-01-29T11:08:35.511Z,"I will recommend this game because it is the best find me characters you put together an evening if you could advise or something like that it's perfect o"
"Besma Mohammed",https://play-lh.googleusercontent.com/a/AGNmyxaes7yRHBuB3BVCi_IPJdeXH9DnXxLlnTGYcI4v=mo,1,2023-01-28T19:23:25.816Z,"tyt"
"Ashley Flores",https://play-lh.googleusercontent.com/a-/ACB-R5TPQ1RbwqbBikIEK1VdyPnp1IBpTl8l5tTcGz864w,4,2023-01-28T05:12:12.616Z,"cute game"
"Carl McBride",https://play-lh.googleusercontent.com/a-/ACB-R5Tf6B76ZBeyIstRgxgG3xvUPXRj0_eo4oqM7zPkBQ,1,2023-01-27T22:37:34.600Z,"mk"
"Bimal Saha",https://play-lh.googleusercontent.com/a/AGNmyxb5bCy71wom1yQf7UNsJfbBqwYTVp7HMZQ0Yeug=mo,5,2023-01-26T11:14:31.836Z,"This is a very good game"
"Cyn Duck",https://play-lh.googleusercontent.com/a-/ACB-R5Sc_QROozKk-xebU4qUk0KO4LQn3gQ0zelBr2xycg,1,2023-01-25T02:10:45.490Z,"too many ads"
"DWARAPUDI SAMBA",https://play-lh.googleusercontent.com/a/AGNmyxYjA5c8Ro9oHqRPv3DX2U38_Jvz4EJEHyJkj4hO=mo,5,2023-01-22T10:22:55.429Z,"sohan"
"Rekha Bisht",https://play-lh.googleusercontent.com/a/AGNmyxYmeZOB4U6ih1MdPPrrMnPVDeFXX7sbF6Wi050h=mo,4,2023-01-20T12:32:56.986Z,"om ek km in"
"Yza Guillermo",https://play-lh.googleusercontent.com/a/AGNmyxbo4GYr4374xx4BIg9t0kbw1rp-40qX_lz3peUl=mo,2,2023-01-19T04:03:05.980Z,"mnd"
"Arifa Lima",https://play-lh.googleusercontent.com/a/AGNmyxaNciNvaau7B0cne_JEUGqrEUbHxk1gX_7GVLNL=mo,1,2023-01-17T08:19:33.385Z,"guf8fu"
"Arman Aronce",https://play-lh.googleusercontent.com/a/AGNmyxbDrvxwOmokPX4KPfz3sX5oLcoi_wi6v1kI9avQ=mo,5,2023-01-17T03:23:21.318Z,"ì²´ìœ¡íšŒ"
"Lisa Gross",https://play-lh.googleusercontent.com/a/AGNmyxaQGusp0YN1-A3mWMKJZUZ9LLBalM2CGaSJzTTw=mo,5,2023-01-17T03:08:32.548Z,"pretty c a lm music ey?"
"Barbi Conner",https://play-lh.googleusercontent.com/a/AGNmyxapHe4kv0Sfy9ZT2khEhdGQIIiOk7LpOYp2hfTU=mo,1,2023-01-16T23:07:43.208Z,"I have tried to get a egg but it was not working."
"Toucan Cheezy playz",https://play-lh.googleusercontent.com/a-/ACB-R5TbVFjN7Ax-0uOIiiopwGmCKoEvdawE8xnjoJTSIg,5,2023-01-16T03:59:43.770Z,"cool game"
"Vu Nub",https://play-lh.googleusercontent.com/a/AGNmyxbhX3-rs-hUybxU2fHCj6BdPiI6WNFNqsAv0Hg7=mo,5,2023-01-14T13:45:04.330Z,"excellent game so far"
"Kaamilah",https://play-lh.googleusercontent.com/a-/ACB-R5T3II29cNIokacPMFDRdwkBsUgfCgX4WtQB95ujsaI,5,2023-01-13T17:55:39.712Z,"if I need to get any more games I can get this gameğŸ˜˜"
"Roy Heryadi Irawan",https://play-lh.googleusercontent.com/a-/ACB-R5SCTIweiA7obAbQeA38kq3BiU3n9pxd_006QUAgPA,5,2023-01-13T12:02:49.834Z,"really fun"
"A Google user",https://play-lh.googleusercontent.com/EGemoI2NTXmTsBVtJqk8jxF9rh8ApRWfsIMQSt2uE4OcpQqbFu7f7NbTK05lx80nuSijCz7sc3a277R67g,5,2023-01-13T09:35:35.406Z,"cfd"
"Sarah Jacobs",https://play-lh.googleusercontent.com/a-/ACB-R5S8xnVOPqI22WVk7_ULqec2DBGZlbQlztqlpCup8w,5,2023-01-12T17:23:03.883Z,"AM Azing"
"Digambar Kokane",https://play-lh.googleusercontent.com/a/AGNmyxbhjZ6GUj4-qDiqrhgn_fSgUuwn8s124dGFi3Ja=mo,1,2023-01-09T17:10:01.649Z,"di er Ã§fcgifhhhgi'nm Thhyyrjiop youğŸ‚ utha hu or tty uth gya to be on your yr tu no one else ghhhhone"
"Harikrishnan G",https://play-lh.googleusercontent.com/a/AGNmyxaEY1TYebNeJ2qaPlxtHbQ_DGwlZFARqu6sCj86=mo,5,2023-01-09T14:27:12.410Z,"very good. game"
"Amada Cubok",https://play-lh.googleusercontent.com/a/AGNmyxYG2zCvtW8-LAt1vMKVCXRGhp6z2RZ3WNOxwAdN=mo,1,2023-01-08T05:59:57.827Z,"she good na na hğŸ¤©ğŸ¥°ğŸ¥±ğŸŒğŸ¥šscxv vvbbghjdkh"
"Marie Coe",https://play-lh.googleusercontent.com/a/AGNmyxbZLmFPbK2TxFZdVq8VxKyfL2_gIP-7GUGPLUNr=mo,5,2023-01-08T02:17:20.928Z,"this is fun."
"Birendar Mishra",https://play-lh.googleusercontent.com/a/AGNmyxbTvYGFgnnKchXrlucK080ewZd45gJNqK_3PqdQ=mo,4,2023-01-07T09:29:29.110Z,"Good game"
"Nazi Rul",https://play-lh.googleusercontent.com/a/AGNmyxatU3DZ3msdhuUOnzaS0GpnUsyYMXZLLRtrxzO6=mo,5,2023-01-07T05:15:57.533Z,"â™¥â™¥â™¥â™¥ğŸ˜ğŸ˜ğŸ˜ğŸ˜ğŸ˜ğŸ¥°ğŸ¥°ğŸ¥°ğŸ¥°ğŸ¥°ğŸ¥°"
"Stanzin Gyalpo",https://play-lh.googleusercontent.com/a/AGNmyxbeTbzvo5MZxdN4qPOUceLb5OBTvfk8oiljryh5=mo,2,2023-01-07T03:47:38.592Z,"ti gi in iBook"
"Bledi Taullaj",https://play-lh.googleusercontent.com/a/AGNmyxab7dLJxdInIr7wPnIliorDq44GiWGyf3hA1s2l=mo,5,2023-01-06T15:33:27.760Z,"ucz c444q2,vculhfydgfffc tnwg1w j"
"Fatima Alghani",https://play-lh.googleusercontent.com/a/AGNmyxbUL9YFurOBfmE15V3IVDlSwPI53xuhcwK7b-5P=mo,2,2023-01-06T10:17:37.549Z,"Ø§Ø­Ø¨Ø¨Øª Ø¹Ø¨Ø§Ø±Ø© Ø¹Ù† Ø®Ù„Ø§Ù„ÙØ§Ø·Ù…Ø© ØªØ¹Ù„Ù… ØªØ¹ÙŠÙŠÙ† ÙŠÙ…ÙƒÙ†Ù†ÙŠ Ø¡Ù Ø§Ø­Ø¨Ø¨Øª ÙŠÙƒÙˆÙ†ÙˆØ§ Ø£Ù… ÙŠÙƒÙˆÙ†ÙˆØ§ Ù‚ÙˆØ© Ø¡Ù"
"Edgar Corpuz",https://play-lh.googleusercontent.com/a/AGNmyxbQdOMQiTXktqJqgK45IdKxkDaGRfT9kfazAi5G=mo,5,2023-01-06T02:27:07.393Z,"sow. cool this geme"
"Tabita Moise",https://play-lh.googleusercontent.com/a/AGNmyxbckLmj6obmuFVJRr_l1OzpmYuGd84x6zIdZ9Qb=mo,5,2023-01-05T23:26:06.630Z,"it was coool."
"Ronav Ron",https://play-lh.googleusercontent.com/a-/ACB-R5QZHEmUEYIvRRWxCthv7a4b-SO0SbC8AK58Kf2X,5,2023-01-05T20:03:11.239Z,"I don't not play this but is tell for fun"
"zet Aidan Jay Dela Cruz 29 2009",https://play-lh.googleusercontent.com/a-/ACB-R5RG9Q5NjwJhtHSsnanwscs3tVWyEoqM5xPpgByg,5,2023-01-05T14:29:13.183Z,"Cool"
"Gjemel Kabashi",https://play-lh.googleusercontent.com/a/AGNmyxau3ZPLTBtWEL73PcFF2VOFrjAFwliUKHqN5oTa=mo,4,2023-01-03T17:49:53.795Z,"Kj7"
"Adrian Paul Cornejo",https://play-lh.googleusercontent.com/a-/ACB-R5TMWdSuxe7s6VHUUepTZ4e9YsA1soSotfrlQ_oe,5,2023-01-03T06:07:14.741Z,"this game is so fun"
"vimalkishor Singh",https://play-lh.googleusercontent.com/a-/ACB-R5RAI0wqsGSaKzi9t__8MMjfr5YefeT9UbgDRUJBUA,5,2023-01-03T03:21:07.930Z,"Vikkee Bhai"
"Qondeni Sibiya",https://play-lh.googleusercontent.com/a/AGNmyxb7_alS52XpQIoXh_Se75wFZFC6AnQZeOpayp5k=mo,5,2023-01-02T13:14:05.790Z,"Uhawn tuckshop you have orders for tomorrow don't want it to Vaphonereyi"
"Satindra Goldar",https://play-lh.googleusercontent.com/a/AGNmyxaMaaKa6kKl0j5rcfR3u3KiWA3vHK991IFjbNk=mo,3,2023-01-01T11:59:51.430Z,"puja"
"sophia gabrielle homila",https://play-lh.googleusercontent.com/a-/ACB-R5QcOYfRma286LxSxQer-KyjeF-00brZGXrHp4zjVg,5,2023-01-01T02:23:56.714Z,"POST"
"Daniel Bugess 8690",https://play-lh.googleusercontent.com/a/AGNmyxaRYRvB0c1aFVynEDCNaarZE0m_cRFLMqd9XHj7=mo,5,2022-12-31T13:54:30.492Z,"Even with adds its so so fun with different toys and plz update the game thank you :)"
"syahirah",https://play-lh.googleusercontent.com/a-/ACB-R5QgDnJauMWJCv2SiXogUi6_-biIgqps_ZEQh2DE,5,2022-12-31T12:38:33.820Z,"Bagus bangget game ini gampang bangget cuma hacurin telur wwkwkwkwkwkkwkwkwkwwk"
"Jai Bello",https://play-lh.googleusercontent.com/a-/ACB-R5R2vhYOyPjPaSWQrNlicwY4h0inA2ALxU4XSMVeEg,2,2022-12-31T11:46:41.196Z,"uhi"
"Sahar's World",https://play-lh.googleusercontent.com/a-/ACB-R5S6hqHVdSeT8-kIWApFhD6OmM8HOxalCxCPdqBHuKE,2,2022-12-31T10:41:57.221Z,"Ff2nrhhjtâ‚¬ruuuuiuiiiiiiiiiuuuiiiiiiiiiiiiiiiiiiiiiiiiiiiiiiii"
"Rajesh Taw",https://play-lh.googleusercontent.com/a/AGNmyxZhfeQQdlc4Q8-cdcLl-xMR2FpHo73kh8U0sIzj=mo,5,2022-12-30T13:08:29.446Z,"913ed"
"Hannah Willder",https://play-lh.googleusercontent.com/a-/ACB-R5SxAHG1ZeqY1BIKFIVnvSLVMxYV1zS3_N8Lm7j3Qw,2,2022-12-30T11:24:32.891Z,"Boring"
"Sean Robinson",https://play-lh.googleusercontent.com/a-/ACB-R5SwW50yh4WENb9ZmsKQknCNFl6tJ7vU9zs6cNWu,5,2022-12-29T01:44:20.158Z,"coolllll"
"Jantell Campbell",https://play-lh.googleusercontent.com/a-/ACB-R5RGKfAO6YjzhCCcFTvzQozmTSgPray7_r7czi0T,5,2022-12-28T22:04:34.934Z,"ğŸ˜ƒğŸ˜ƒğŸ˜ƒ"
"Crystal sathyanarayanan",https://play-lh.googleusercontent.com/a-/ACB-R5R26J-bsecAfl4hEUWI56DX6iyeWIxAxZh4w6avVw,5,2022-12-28T05:38:39.615Z,"Your game looks cool"
"Azhar Khan",https://play-lh.googleusercontent.com/a-/ACB-R5QajhbfYkI_Xn1u57BLKUWeS9fg_hOTW8jeNkqgJQ,5,2022-12-26T17:23:29.919Z,"best game"
"Leo Tavares",https://play-lh.googleusercontent.com/a/AGNmyxZoJdmt212LCcI8alVWr52iQlKcj5LE2mNc7ff0=mo,5,2022-12-26T12:17:36.317Z,"Yanaahaj"
"kim nixon",https://play-lh.googleusercontent.com/a/AGNmyxYqXaxM4V4R8U8QWYL8NAwXhVBdxgIaelquOmo_=mo,5,2022-12-25T21:12:50.500Z,"dear super toy 3d. reviews are public and include your account and device info learn more. Love James allenby."
"MAHEBOOB PATEL",https://play-lh.googleusercontent.com/a-/ACB-R5QLBzA8lxo-BZwNh2l-sPV4-22V1CZv5Pjs0nkuOg,3,2022-12-25T15:09:50.418Z,"good"
"Paula Lambert",https://play-lh.googleusercontent.com/a/AGNmyxY-5YwUq3OCAiawZpgOUZkvBgeyYLx_O7nAYJfG=mo,5,2022-12-24T15:00:43.718Z,"this game is great and I love this game"
"Sabreen Nisha",https://play-lh.googleusercontent.com/a-/ACB-R5QUhutzbg8Z3bxtwjo7DFuAJR9kaoMLEfjRAQmu,5,2022-12-24T09:25:37.688Z,"hz"
"Azza Kamaleldin",https://play-lh.googleusercontent.com/a-/ACB-R5S7vGZso84KIwntCbcQg-3Cxfu3RlbCWlyawrIiUpQ,5,2022-12-24T07:46:22.488Z,"Ø²ØªÙ…ÙƒØ¹Ù‡ÙƒØ­ØªØªØ¨"
"Ayat",https://play-lh.googleusercontent.com/a/AGNmyxaZIFnNUWBNtzhptDuYp9OfTbxwU7tlH-oHk5Wh=mo,4,2022-12-23T04:50:01.267Z,"naer"
"Lazarus Micheal",https://play-lh.googleusercontent.com/a/AGNmyxbJOPGtgKKeq_rbJPmDXBLiv2n1A87ifVpYpmOH=mo,5,2022-12-23T03:30:42.609Z,"he can make me happy"
"ARVIN DADIVAS",https://play-lh.googleusercontent.com/a-/ACB-R5SEc3gkrl1VmOlxux_ENkWRXQkvIxSF8In5vK2S,3,2022-12-22T08:11:45.420Z,",uth f gnn"
"Lacy Permon",https://play-lh.googleusercontent.com/a/AGNmyxYU3F89ceKsmIJGwWcWcFQacJEhaj3f77zc_txf=mo,4,2022-12-22T00:57:08.194Z,"h fif jnrkjrjjrjrorarlkaraktjtjtjtjraajrjrjrjajrajrjrjrjjrhrhjrhhrhrhjrjrhrjjrjrjjrj just got n jj you nn nj Jenn just just jjj the jj j and k just ate just just jj jjjkk j jjjjjrjrjrj"
"Joydeep Banerjee",https://play-lh.googleusercontent.com/a/AGNmyxbsM2UOAmx1BDKjb7vdGss4pyhTytHGjAW5wjbi=mo,5,2022-12-21T08:30:17.347Z,"Rated"
"Jyoti Walimbe",https://play-lh.googleusercontent.com/a/AGNmyxb5VaK5zOAy2u7mv38YwcHEqAw1MQVH0v5Zi4ix=mo,4,2022-12-20T17:26:22.550Z,"It's ok actually good for us but update please Regards"
"matt higgins",https://play-lh.googleusercontent.com/a-/ACB-R5Su0U3rjffGVYpoIbiv19G1hoePxy0IugPWBZIozA,5,2022-12-20T13:22:01.891Z,"What i love to do is tern of my WiFi and play is soo good and ralaxing gameğŸ˜ğŸ˜ğŸ˜ğŸ˜ğŸ˜ğŸ˜ğŸ˜ğŸ˜ğŸ˜ğŸ˜ğŸ˜ğŸ˜ğŸ˜ğŸ˜ğŸ¤¯ğŸ¤¯ğŸ¤¯ğŸ¤¯ğŸ¦Œ"
"Is Hafiz",https://play-lh.googleusercontent.com/a/AGNmyxbQFFrim5kIpmDPZoqsBsif_5L-CsKq9hv8_QC8=mo,5,2022-12-18T14:19:12.330Z,"Mantap"
"NS Designs",https://play-lh.googleusercontent.com/a-/ACB-R5T2oVygkJ2nR-i340FnC4XlHHI-QoLOr_Q_LfGJTw,5,2022-12-17T05:57:27.847Z,"ğŸ’©ğŸ’©ğŸ’©ğŸ’©"
"Gwehn Natalie Lim",https://play-lh.googleusercontent.com/a-/ACB-R5RHu7KWHkPcD1wkI4H5r-QeFWrAn50eVaq3n-Gb4w,1,2022-12-16T12:32:50.533Z,"It's pretty bad it has so many ads I already need to remove my music from Spotify now it's annoying"
"Nathan Procter",https://play-lh.googleusercontent.com/a-/ACB-R5SoFz4fS3YgnhQzbSwGPg79a9Eoz4tR-5eEPANN,1,2022-12-15T11:15:11.430Z,"It's a verry boring game"
"Kalampati Nafis",https://play-lh.googleusercontent.com/a-/ACB-R5TfxJ0bvZj7ra8VHLFFqcOgeuxM45nav_j2biDpfQ,5,2022-12-15T10:45:11.126Z,"ğŸ¤ŸğŸ¤Ÿ"
